season,episode_num,title,original_air_date,imdb_rating,total_votes,desc
1,1,"Good News, Bad News",1989-07-05,7.5,4529,Jerry and George argue whether an overnight visitor Jerry is expecting is coming with romantic intentions.
1,2,The Stakeout,1990-05-31,7.6,3793,Jerry and George stake out the lobby of an office building to find a woman Jerry met at a party but whose name and phone number he didn't get.
1,3,The Robbery,1990-06-07,7.6,3460,"After Jerry's apartment is robbed, Jerry starts to look for other apartments. But Jerry and George both want the same apartment, and Elaine wants the apartment of whoever loses out."
1,4,Male Unbonding,1990-06-14,7.3,3379,Jerry tries various excuses to avoid meeting with an old friend with whom he no longer shares any interests.
1,5,The Stock Tip,1990-06-21,7.5,3234,Jerry becomes apprehensive when he and George buy stock and the price falls while the person who suggested the stock is in hospital and can't tell them when to sell.
2,1,The Ex-Girlfriend,1991-01-23,7.7,3101,"After George breaks up with his girlfriend, Jerry decides that he wants to see her."
2,2,The Pony Remark,1991-01-30,7.9,3231,Jerry fears that an inappropriate comment he made at a dinner party caused his relative's subsequent death.
2,3,The Jacket,1991-02-06,8.3,3225,"Jerry wears an expensive jacket when he meets Elaine's father, but an argument ensues when Jerry is reluctant to wear it outside during a snowfall."
2,4,The Phone Message,1991-02-13,8.3,3166,"George leaves several awkward messages on a girlfriend's answering machine, then decides to steal the tape."
2,5,The Apartment,1991-04-04,7.8,2863,"When an apartment becomes available in Jerry's building, he helps Elaine get it, only to regret his decision to do so. George starts wearing a wedding ring because he's heard that it helps single guys pick up women."
2,6,The Statue,1991-04-11,7.9,2887,A statue wanted by George is stolen from Jerry's apartment by the boyfriend of a writer Elaine is working with.
2,7,The Revenge,1991-04-18,8.2,2908,"George takes revenge on his boss for not hiring him back after he quit and was rude to him, and Jerry and Kramer take revenge on a dry cleaner after Jerry accuses him of stealing $1,500 from his laundry bag."
2,8,The Heart Attack,1991-04-25,7.7,2858,"After suffering what he thinks is a heart attack, George discovers he has inflamed tonsils and seeks alternative medicine to heal."
2,9,The Deal,1991-05-02,8.1,2860,"Jerry and Elaine believe that they have found a foolproof way to start having sex again yet still remain just friends, but they quickly start encountering problems."
2,10,The Baby Shower,1991-05-16,7.3,2786,"Kramer convinces Jerry to get illegal cable. Elaine holds a baby shower for a former girlfriend of George, on whom he wants revenge for a callous incident."
2,11,The Chinese Restaurant,1991-05-23,8.6,3568,"Jerry, Elaine and George stop for a quick Chinese dinner before seeing ""Plan 9 From Outer Space,"" but circumstances at the eatery make them miss the movie."
2,12,The Busboy,1991-06-26,7.6,2768,"George tries to apologize to a busboy after one of his comments got him fired, but he only makes things worse. Elaine tries to get one of her male friends out of her house."
3,1,The Note,1991-09-18,8.1,2915,Physical therapy proves painful for Jerry when his small talk with the therapist leads to a misunderstanding; Jerry uses a dentist note to cover his therapy.
3,2,The Truth,1991-09-25,7.7,2652,A bad breakup between George and his girlfriend leads to tax troubles for Jerry.
3,3,The Pen,1991-10-02,8.1,2933,"Jerry and Elaine travel to Florida for a dinner in honor of his father. Jerry gets into an argument with a neighbor of his parents over an ""astronaut pen."""
3,4,The Dog,1991-10-09,7.3,2941,Jerry is forced to care for the disobedient dog of a man he met on a plane.
3,5,The Library,1991-10-16,8.5,3227,"The library asks Jerry about a book he checked out in 1971 and never returned, so Jerry looks up an old girlfriend for his defense against a library cop."
3,6,The Parking Garage,1991-10-30,8.7,3626,The four get stuck in a parking garage for hours when they forget where they parked.
3,7,The Cafe,1991-11-06,8.4,2738,"Jerry tries to help a new immigrant restaurant owner across the street from him. George, afraid of embarrassment, asks Elaine to take an IQ test for him."
3,8,The Tape,1991-11-13,8.6,2953,George orders hair growing cream from China. Jerry is mesmerized by a dirty message left on a tape recorder from his last performance. George becomes infatuated with Elaine.
3,9,The Nose Job,1991-11-20,7.9,2647,"Jerry dates a vacuous actress and struggles with overcoming his sexual desire for her. George dates a woman with a large nose, who decides to get a nose job after a careless comment from Kramer."
3,10,The Stranded,1991-11-27,7.3,2661,"Jerry and Elaine join George for a special party, where they send signals to each other to get out of bad party conversations; George had an office romance."
3,11,The Alternate Side,1991-12-04,8.1,2644,Jerry's car is stolen. Elaine dates an older man. Kramer gets a small role in a Woody Allen movie filmed on his and Jerry's block. George must deal with the commotion of the movie filming as he gets a job parking cars on the block.
3,12,The Red Dot,1991-12-11,8.2,2686,George gets a job at Elaine's office and gets involved with the cleaning woman. Elaine's boyfriend is a recovering alcoholic who falls off the wagon because of Jerry's carelessness. George buys Elaine a marked-down cashmere sweater.
3,13,The Subway,1992-01-08,8.6,3251,Everyone has an uncommon experience while going their separate ways on the subway; Kramer overheard a hot tip on a horse on his way to pay a traffic violation.
3,14,The Pez Dispenser,1992-01-15,8.2,2729,Jerry's Pez dispenser makes Elaine laugh during George's girlfriend's piano recital and puts their relationship in jeopardy; Kramer joins the Polar Bear Club.
3,15,The Suicide,1992-01-29,7.4,2433,"After a suicide attempt by Jerry's neighbor lands him in a coma, Jerry begins a relationship with his girlfriend. George visits a psychic who predicts trouble on his upcoming trip. Elaine agonizes over having to fast before surgery."
3,16,The Fix Up,1992-02-05,8.3,2696,"Against their better judgment, Jerry and Elaine decide to play matchmaker for the jobless, dateless and possibly hopeless George, setting him up with a single friend of Elaine's."
3,17,The Boyfriend,1992-02-12,8.6,3222,"Elaine and Keith are hitting it off until he pulls out a cigarette; Keith wants Jerry to help him move, leading Jerry along with Elaine to breakup with Keith."
3,18,The New Friend,1995-07-26,7.1,403,"Jerry, Kramer and Neuman act out a parody of the JFK assassination via a spitting incident as they reminisce about the loss of a Mets game in past. They call it the magic loogie."
3,19,The Limo,1992-02-26,8.9,3558,"Jerry and George take a limo from a passenger that Jerry knows never made it on the plane, but their false identities land them in hot water."
3,20,The Good Samaritan,1992-03-04,8.0,2403,Jerry trails a hit-and-run driver but is attracted to her and begins dating her; he later learns her victim was a woman he's had a crush on for a long time. Kramer begins having seizures whenever he hears Mary Hart's voice.
3,21,The Letter,1992-03-25,7.9,2350,"Jerry learns that his new artist friend, from whom George has been forced to buy a painting, plagiarized a letter to keep him from breaking up with her. Elaine refuses to remove her Baltimore Orioles cap during a New York Yankees game."
3,22,The Parking Space,1992-04-22,8.1,2516,"Coming from an outing to a flea market in New Jersey, Elaine and George damage Jerry's car when George drives over a large pothole. When they get to his apartment they conveniently find a parking space right in front of Jerry's building. As George tries to back in however, someone tries to take the spot by driving in nose first. With neither car able to park, it leads to an all day argument. Elaine meanwhile has to come up with a story about the damage to the car."
3,23,The Keys,1992-05-06,8.2,2463,"Jerry is fed up with Kramer's coming into his apartment any time he feels like it and asks him to return his spare set of keys. Kramer begrudgingly complies but then lets it be known that he's leaving for California. As for the others, the one key swap leads to multiple exchanges on pretty well everyone's part. When Jerry forgets his keys, he gets George to let him into Elaine's apartment so he can get his spare set. What they find interests them."
4,1,The Trip: Part 1,1992-08-12,8.2,2443,"When Jerry is asked to appear on The Tonight Show in Los Angeles, George accompanies him to look for Kramer."
4,2,The Trip: Part 2,1992-08-19,8.2,2440,"Kramer is arrested when he is mistaken for a serial killer. After he is exonerated, Jerry, George, and he return to New York."
4,3,The Pitch,1992-09-16,8.4,2542,"NBC executives ask Jerry to come up with an idea for a TV series. George decides he can be a sitcom writer and comes up with ""nothing."" Kramer trades a radar detector for a helmet, and later Newman receives a speeding ticket."
4,4,The Ticket,1992-09-16,8.1,2319,Newman uses Kramer as his witness when the former refuses to pay for a speeding ticket.
4,5,The Wallet,1992-09-23,8.1,2254,Jerry is asked to explain to his parents why he does not wear the watch they gave him. Morty Seinfeld thinks his wallet has been stolen from him at his doctor's appointment.
4,6,The Watch,1992-09-30,8.0,2244,"Jerry tries to buy his watch back from Uncle Leo, who found it in the garbage, having been thrown there by Jerry. George tries to resurrect the fledgling NBC deal, while Elaine plans a break up from her psychotherapist with Kramer's help."
4,7,The Bubble Boy,1992-10-07,8.6,3276,"On their way to the family cabin, George and Susan visit a boy who lives in a bubble; Kramer and Naomi start a fire that ends up burning down the cabin."
4,8,The Cheever Letters,1992-10-28,8.3,2478,Jerry offends Elaine's assistant. Kramer makes a contact for Cuban cigars. A box of letters from John Cheever is all that remains after Susan's father's cabin burns down.
4,9,The Opera,1992-11-04,7.9,2405,"Elaine unknowingly is dating Crazy Joe Davola, who has just left a threatening message on Jerry's recorder."
4,10,The Virgin,1992-11-11,8.0,2348,Jerry finds out that the girl he likes is still a virgin; George wants to end his relationship with Susan to exploit his writing profession as a pick-up line.
4,11,The Contest,1992-11-18,9.5,6366,George's mother throws her back out when she falls down after catching George performing a personal act; the gang partakes in a contest of self-denial.
4,12,The Airport,1992-11-25,8.7,3167,Jerry and Elaine fly back to New York. Jerry travels on first class while Elaine on coach. George and Kramer run into trouble while trying to arrive on time to pick up Jerry and Elaine at the airport.
4,13,The Pick,1992-12-16,8.4,2504,George has decided he's made a terrible mistake in breaking up with Susan. He moans and groans and is generally driving everybody crazy. Against everyone's advice he decides to tell her he made a mistake . No sooner are they back together than he decides he's the one who made the mistake. Elaine decides to put her picture on her Christmas cards and Kramer agrees to be the photographer. Only problem is that she exposes just a little too much of herself. Jerry meanwhile is dating the model he recently met on a flight and things seem to be going nicely....until she sees ...
4,14,The Movie,1993-01-06,8.0,2380,"Jerry does a set at a comedy club, then goes to meet George, Elaine, and Kramer afterward to see a screening of Checkmate. However, a simple miscommunication causes the four to keep missing each other at two different theaters."
4,15,The Visa,1993-01-27,8.0,2247,"Jerry returns from a two week tour to find that his old friend Babu, whom Jerry drove into bankruptcy by suggesting he change the menu in his restaurant, is working at the caf√©. He's also living down the hall from Jerry, who is shocked to find that Babu is arrested for overstaying his visa. Turns out his visa application got mixed in with Jerry's mail. George meanwhile asks an attractive lawyer, Cheryl, to go out with him. She laughs at everything he says and he tells Jerry to butt out and not be funny. When they hear that Cheryl does immigration law, they ask her to ..."
4,16,The Shoes,1993-02-04,8.0,2330,"Elaine can't seem to figure out why her shoes are a subject of conversation. Jerry and George pitch their pilot to NBC, but the deal is nearly jinxed when George takes a peek at the cleavage of the NBC president's daughter."
4,17,The Outing,1993-02-11,9.4,4227,A prank by Elaine leads a newspaper journalist to think that Jerry and George are gay.
4,18,The Old Man,1993-02-18,7.8,2371,"Elaine gets the gang to volunteer visiting the elderly, each ""adopting"" an old person. She gets freaked out by hers, George gets fired by his guy, and Jerry loses his. Kramer and Newman scheme to sell records to a vintage music store and steal the records from Jerry's old guy."
4,19,The Implant,1993-02-25,8.5,2544,"Elaine is adamant that the woman Jerry likes has implants. But when Elaine meets the woman in the sauna and trips and lands on her breasts, she isn't sure if they are implants after all..."
4,20,The Junior Mint,1993-03-17,8.6,2910,"Elaine decides to visit her former boyfriend, who is in the hospital for a serious operation; Kramer and Jerry have an accident with a Junior Mint; Jerry had a date with a woman whose name rhymes with a female body part."
4,21,The Smelly Car,1993-04-15,8.3,2405,"After dinner, Jerry gets his car back from the valet. He and Elaine get in the car and realize that the valet has really bad B.O.. Jerry goes to great lengths to get the smell out of his car while Elaine goes to great lengths to get the smell out of her hair. Jerry soon realizes that the smell isn't just a mere odor, but an entity unto itself, and finally decides that he has to get rid of his car. Meanwhile, George gets reacquainted with Susan and discovers that he drove her to lesbianism, and Kramer dates Susan's girlfriend."
4,22,The Handicap Spot,1993-05-13,8.2,2275,"At Kramer's insistence, George parks his Dad's car in a handicap spot. After a woman is injured because of it, George becomes his Dad's butler while Kramer tries to help the woman."
4,23,The Pilot,1993-05-20,8.5,2535,"""Jerry,"" the television pilot, gets cast and finally airs. Elaine tries to discourage Dalrymple's romantic pursuit."
5,1,The Mango,1993-09-16,8.4,2544,Elaine makes a startling confession.
5,2,The Puffy Shirt,1993-09-23,8.8,3177,Kramer and his soft-spoken friend Leslie start a new line of clothing and Jerry accidentally agrees to wear it on the Today show.
5,3,The Glasses,1993-09-30,8.3,2355,George loses his glasses at the health club.
5,4,The Sniffing Accountant,1993-10-07,8.0,2298,The gang gets suspicious of their accountant.
5,5,The Bris,1993-10-14,7.9,2431,Elaine and Jerry are nervous about the religious duties they must do when they agree to become godparents to a couple's newborn; George nabs great parking spot.
5,6,The Lip Reader,1993-10-28,8.3,2358,George decides to use Jerry's girlfriend to spy on his friends by having her read their lips. Kramer claims he can also read lips and tries to prove it.
5,7,The Non-Fat Yogurt,1993-11-04,8.3,2574,Kramer invests in a new non-fat yogurt store.
5,8,The Barber,1993-11-11,8.4,2349,Jerry regrets giving his longtime barber the heave-ho after he gets a ridiculous-looking haircut. George gets a job interview but the boss leaves him with a very cryptic ending. Kramer begs Elaine to let him take part in her charity bachelor auction.
5,9,The Masseuse,1993-11-18,7.7,2191,"Jerry gets mad when he dates a masseuse. Kramer and George get massages while Jerry doesn't. Meanwhile, Elaine's new boyfriend is Joel Rifkin, an innocent man who shares the same name as one of New York's most notorious serial killers."
5,10,The Cigar Store Indian,1993-12-09,8.1,2423,"Jerry is deemed a racist when he purchases a Native American statue for Elaine. Kramer tries to get Elaine's company to publish his coffee table book. Elaine runs into a really creepy man on the subway who steals Frank's TV Guide and follows her to the Costanza's house. Meanwhile, George gets grounded when he has sex with a woman in his parents' bed."
5,11,The Conversion,1993-12-16,8.1,2224,George changes his religion to Latvian Orthodox to keep his girlfriend happy; Jerry becomes curious as to why his girlfriend needs fungus cream.
5,12,The Stall,1994-01-06,8.4,2519,"At a movie theater's restroom, Elaine, realizing she doesn't have any toilet paper left, asks the woman in the next stall (Jami Gertz) if she has any toilet paper to spare, but the woman refuses, claiming that she ""can't spare a square"". Elaine pleads with the woman, but she leaves, ignoring Elaine. The woman returns to her seat, and is revealed as Jerry's girlfriend, Jane. Elaine is shown returning to her seat, with her new boyfriend Tony (played by Dan Cortese). The two women tell their dates about what had just happened. At Jerry's apartment, Kramer walks in, ..."
5,13,The Dinner Party,1994-02-03,8.1,2281,"En route to a dinner party, Jerry and Elaine stop off at a bakery and get held up when the bakery runs out of what they want to purchase. Meanwhile, George and Kramer, en route to said dinner party, stop off at a liquor store to buy a bottle of wine and have a hard time picking one out."
5,14,The Marine Biologist,1994-02-10,9.1,3849,"George starts dating a college friend who, thanks to Jerry, thinks George is now a marine biologist. Elaine's electronic organizer injures a person after being launched from a limo by a Russian novelist. Kramer decides to golf on the beach."
5,15,The Pie,1994-02-17,8.4,2331,"While shopping for a new suit for a job interview, George and the others stumble upon a mannequin which scarily resembles Elaine. Meanwhile Jerry tries to figure out why his girlfriend won't try his apple pie at Monks."
5,16,The Stand-In,1994-02-24,7.4,2139,"Kramer gets a job with Mickey as a TV stand-in. Jerry sets Elaine up with a guy who he says would be perfect for her. At the end of their first date he takes ""it"" out."
5,17,The Wife,1994-03-17,8.0,2187,"Jerry gets a permanent discount at his local dry cleaners after returning a locket he found in a jacket pocket. His new girlfriend Meryl also claims the discount claiming to be Jerry's wife. It all gets out of hand when Jerry's Uncle Leo hears he's married. Elaine thinks an airline pilot who goes to the same health club but her interest wanes quickly when he wipes the top of her water bottle before drinking from it. George is in trouble when the pilot sees him urinating in the shower at the same club. Kramer has had trouble sleeping at home but not, unfortunately at ..."
5,18,The Raincoats,1994-04-28,8.3,2258,"Jerry and his latest girlfriend finally get alone time when they go on a date to see ""Schindler's List"", where Newman oversees them making out."
5,20,The Fire,1994-05-05,8.5,2483,"George dates a woman who has a son. She invites him to her son's birthday party. While at the party, a fire breaks out in the kitchen. George screams ""FIRE!!!"" and knocks down the kids and the old lady as he cowardly tries to make his escape. The clown (not Bozo) puts out the fire with his big shoe. Meanwhile, over at Pendant Publishing, Elaine learns that she's up for a very nice promotion. But her main competition, Toby, is working with Kramer on his coffee table book. The three head over to the comedy club where Jerry is doing an important set where a writer from ..."
5,21,The Hamptons,1994-05-12,8.8,3260,The gang goes to the Hamptons for the weekend to visit Elaine's friends' new baby.
5,22,The Opposite,1994-05-19,9.6,4734,George decides to turn his life around by doing the exact opposite of what he would usually do. Elaine is having a lot of bad luck. Jerry keeps breaking even. Kramer gets the coffee table book published.
6,1,The Chaperone,1994-09-22,8.1,2144,Jerry dates a Miss America contestant. Kramer tags along.
6,2,The Big Salad,1994-09-29,8.1,2254,"Kramer thinks that a simple penalty stroke may have driven his golf partner, Steve Gennison, to murder a dry cleaner. Jerry is stunned to learn that his girlfriend not only went out with, but was dumped by Newman. George thinks Elaine gave his girlfriend an incorrect thank you when it was actually George who paid for Elaine's lunch. Elaine flirts with a stationery store employee and thinks that she may have sent him the wrong message."
6,3,The Pledge Drive,1994-10-06,8.3,2206,"Kramer finds Jerry's old birthday checks from his grandmother and insists he deposits them, which puts Nana in unexpected debt. Elaine accidentally tells the high talker a secret. Mr Pitt eats a Snickers bar with utensils."
6,4,The Chinese Woman,1994-10-13,8.1,2186,"George's telephone line crosses with that of a woman named Donna Chang, and everyone seeks her advice when she convinces them that she's Chinese. Jerry winds up dating her. Things get worse when Frank and Estelle announce a separation. Jerry and Elaine can't seem to figure out why Frank Costanza is having mysterious business dealings with a man in a cape."
6,5,The Couch,1994-10-27,7.8,2146,Jerry's new couch is completely ruined when Elaine upsets a man with a bladder condition. Kramer decides to start up his own new pizza business. George joins a book club but instead of reading the book he watches the movie.
6,6,The Gymnast,1994-11-03,8.0,2172,Jerry's excitement about dating a gymnast diminishes after mediocre sex; George's girlfriend's mom catches him eating out of the trash; Kramer passes a kidney stone.
6,7,The Soup,1994-11-10,7.9,2120,"Jerry accepts an Armani suit from Kenny Bania, provided that he will treat him to a meal; Elaine dates a bounder from England; Kramer decides to eat fresh."
6,8,The Mom and Pop Store,1994-11-17,8.1,2109,"George buys a convertible he thinks was once owned by Jon Voight. Kramer tries to save a small shoe-repair business. Elaine answers a radio quiz, enabling Mr. Pitt to participate in the Macy's Thanksgiving Day Parade. Meanwhile, Jerry tries to solve the mystery of whether or not he's invited to Tim Whatley's annual Pre-Thanksgiving party."
6,9,The Secretary,1994-12-08,8.2,2039,"George gets a secretary, saying he will go for efficiency and smarts rather than beauty. He hires a librarian-esque woman, only to find himself falling in love with her."
6,10,The Race,1994-12-15,8.7,3053,A grade school acquaintance puts pressure on Jerry to finally settle an old score in the form of a race; Elaine is blacklisted from a Chinese restaurant.
6,11,The Switch,1995-01-05,8.8,2945,Jerry wants to switch from dating a non-laughing woman to dating her roommate; Elaine has difficulty retrieving a tennis racket she loaned out; George enlists Kramer's mother to spy on his seemingly bulimic girlfriend.
6,12,The Label Maker,1995-01-19,8.4,2199,Tim Whatley gives Jerry a label maker as a thank you for his Super Bowl tickets. George is uncomfortable with his girlfriend's male roommate. Kramer and Newman play a game of Risk.
6,13,The Scofflaw,1995-01-26,7.9,2027,"When George learns that their friend Gary never had cancer as he claimed, he promises to keep it a secret from Jerry. Of course George can keep a secret for about two seconds. Elaine gets all tied up in knots when she learns that someone said hi to her ex-boyfriend on her behalf. She goes out of her way to let him know otherwise, which seems to defeat the purpose of it all. Kramer has a run-in with the local beat cop who tells him there's someone in the neighborhood who has amassed parking tickets for years. Kramer figures out just who that is."
6,14,Highlights of a Hundred,1995-02-02,7.3,2037,"For the series' 100th episode, Jerry Seinfeld hosts a one hour retrospective with clips from previous episodes: the idea for a show about nothing; the smelly car; the puffy shirt; the astronaut pen; Jerry's hair; George's lack of hair; Mulva; Jerry's virgin girlfriend; the Hernandez incident; the outing; the masters of their domain; the bubble boy - are only a few of the episodes included."
6,15,The Beard,1995-02-09,8.1,2077,Elaine tries to convert a gay man to heterosexuality; George is upset when his blind date turns out to be bald; Jerry braces for a lie detector test
6,16,The Kiss Hello,1995-02-16,8.3,2048,"Kramer tries to create a Utopian society when he puts up pictures of all the residents of his and Jerry's building. Jerry doesn't mind until the women of the building want to be greeted with a kiss. After Jerry objects to kissing hello, he's vilified and nearly kicked out of the building. Jerry also has to settle some family issues when Nana remembers that Uncle Leo was supposed to give Jerry's mom some money 50 years ago and Uncle Leo puts Nana in a home to keep her quiet. Meanwhile, Elaine's friend who is a chiropractor skips out on George's appointment and goes ..."
6,17,The Doorman,1995-02-23,8.0,2132,Jerry is inconvenienced by a tenacious doorman at an apartment building; Kramer robs George on the street to put on a show for a group of German tourists.
6,18,The Jimmy,1995-03-16,8.7,2944,Elaine dates a man whose habit of speaking in third person causes a wide array of confusion; George is blamed for the theft of Yankees' sports equipment.
6,19,The Doodle,1995-04-06,8.3,2022,"George dates a girl from Elaine's art class and wonders whether or not her humorous caricature of him is a sign that she likes him or not. Thanks to Newman's fleas, Jerry's visiting parents are forced to stay in Elaine's luxury hotel room. Elaine gets a potential job offer but accidentally leaves the manuscript in Jerry's flea-infested apartment."
6,20,The Fusilli Jerry,1995-04-27,8.5,2585,Frank has an unfortunate accident involving one of Kramer's pasta sculptures; Kramer gets the wrong license plates; Jerry becomes disturbed when he finds out that his mechanic used his personal sex move on Elaine.
6,21,The Diplomat's Club,1995-05-04,8.1,2021,Jerry's simple airport meeting turns into a nightmare thanks to his incompetent agent; Kramer gets into hot water when he gambled with a rich Texan.
6,22,The Face Painter,1995-05-11,8.6,2142,"Jerry, Elaine, Kramer, and David Puddy go to two Stanley Cup playoff games; Kramer holds a grudge against a chimpanzee who hit him with a banana peel; George resolves to take the dramatic step of telling his girlfriend he loves her."
6,23,The Understudy,1995-05-18,7.8,2085,"Jerry dates the ultra-sensitive understudy for Bette Midler in Rochelle, Rochelle: The Musical. When the Improv is scheduled to play Rochelle Rochelle in a softball game, George plows into catcher Bette Midler to score the winning run. Bette is injured because of the incident and is unable to perform in the Broadway premiere. Jerry, George, and the understudy are vilified for the incident, and Kramer goes out of his way to help Bette. Meanwhile, Elaine suspects that a local nail shop is making fun of her in Korean. She learns that George's dad Frank speaks Korean and ..."
7,1,The Engagement,1995-09-21,8.8,2217,"While sitting in the coffee shop, Jerry and George resolve to grow up and take life more seriously. Jerry decides to call the woman he recently broke up with - because she shushed him. For his part, George has been thinking a lot about his former girlfriend Susan. After imagining the ideal life they could have together, he goes to her apartment and proposes. She accepts and George almost immediately begins to have second thoughts, especially after Jerry breaks up with his girlfriend a second time. Elaine meanwhile is having trouble with a neighbor's barking dog and ..."
7,2,The Postponement,1995-09-28,8.3,1990,George gets cold feet and tries everything he can to postpone the engagement; Elaine is jealous of George's engagement; Kramer spills hot coffee on himself.
7,3,The Maestro,1995-10-05,8.1,2086,"Elaine's latest boyfriend likes to be known as ""The Maestro""; Kramer reaches an unsatisfactory settlement with the coffee company, much to his lawyer's chagrin."
7,4,The Wink,1995-10-12,8.5,2253,"Jerry squirts grapefruit into George's eye at breakfast, and for the rest of the day George is misinterpreted because everyone thinks he is winking at them."
7,5,The Hot Tub,1995-10-19,8.4,2217,"Wilhelm thinks George is cracking under the pressure of working in the big leagues. So he has George entertain a group of visiting baseball officials from the Houston Astros, who are in New York to discuss inter-league play. George picks up a bad habit from them, who call everyone either a ""bastard"" or a ""son of a bitch"". Kramer buys a hot tub from his friend Lomez and installs it in his apartment. At the same time, Elaine is having a marathon runner from Trinidad And Tobago named Jean Paul Jean Paul stay with her as a house guest. Jean Paul was in the Olympics and ..."
7,6,The Soup Nazi,1995-11-02,9.5,5023,"A soup stand owner obsesses about his customers' ordering procedure, but his soup is so good that people line up down the block for it anyway."
7,7,The Secret Code,1995-11-09,8.6,2099,"George refuses to give anyone his secret code (BOSCO). Kramer buys a police scanner. Jerry does a series of ads for Leapin' Larry's Appliance Store. Elaine has dinner with J. Peterman but after she and Jerry bail on the dinner, George is stuck to dine with Peterman. George spills his secret code to Peterman's dying mother and gets in trouble for it."
7,8,The Pool Guy,1995-11-16,8.4,2054,Jerry has a hard time telling the pool guy at his new health club that there isn't room for a 5th member of the group. George's worlds collide when Elaine starts hanging out with Susan. Kramer discovers that his phone number is one digit off from that of a popular movie-finding service and offers help to those that mistakenly call his number.
7,9,The Sponge,1995-12-07,8.1,2118,"After learning that her prophylactic of choice is being discontinued, Elaine buys a case of Today sponges and scrutinizes her dates for their sponge-worthiness."
7,10,The Gum,1995-12-14,8.4,2352,"When Lloyd Braun comes back from the psychiatric hospital, Kramer takes him under his wing and convinces Jerry to buy gum from him and wear glasses that don't belong to him to prove that Lloyd isn't crazy. George tries to prove to his old neighbor Deena that he isn't crazy after a cashier short-changes him."
7,11,The Rye,1996-01-04,8.8,2731,"After George's parents take back the bread they gifted to Susan's parents, George makes Jerry find another loaf and tries to appease Susan's parents by taking them on Kramer's Manhattan horse tours, to disastrous consequences."
7,12,The Caddy,1996-01-25,8.4,2155,"Elaine's floozy former ex-roommate Sue Ellen Mischkie returns. George locks his keys in his car and leaves it in the Yankees parking lot. Elaine, out of spite, buys Sue Ellen a bra for a birthday gift as she has never worn one. George, having successfully convinced Wilhelm and Steinbrenner that he's putting in extra hours, decides to skip town with Susan after learning that her father rebuilt the cabin. So George asks Kramer and Jerry to go to Yankee Stadium and take the fliers off of his car. The car is really dirty, and Jerry and Kramer decide to go take it to the ..."
7,13,The Seven,1996-02-01,8.1,1968,George becomes upset when Susan's cousin names her baby with the name he planned to use for his first child; Jerry questions his girlfriend's style.
7,14,The Cadillac,1996-02-08,8.3,2154,"In this hour-long episode, Jerry performs the biggest show of his life in Atlantic City. He receives a rather generous pay check for the event, and decides to buy his father a Cadillac. Unfortunately, doing so puts Morty in the hot seat with the condo board of directors, where he serves as president. Morty is accused of stealing money from the board, and ultimately gets removed from his post as president and kicked out of the condo. Meanwhile, thanks to Elaine, George can score a date with ""My Cousin Vinny"" star Marisa Tomei but Elaine objects because of George's ..."
7,15,The Shower Head,1996-02-15,8.3,2031,"Peterman wants Elaine to go to Africa, but when Elaine tests positive for Opium in her physical, that means no dice. George tries to convince his parents to move to Florida so that he finally gets his ""buffer zone"", but they have problems with Jerry's parents. Kramer and Newman scheme to buy black market shower heads when the building switches to low-flow ones."
7,16,The Doll,1996-02-22,8.0,1993,"George freaks out when he discovers that Susan has a doll that looks exactly like his mother. Jerry decides to use that as a bit on the Charles Grodin show when his prop gets destroyed in his carry-on luggage, but fellow comedian Sally Weaver screws up his bit by bringing him the wrong doll."
7,17,The Friars Club,1996-03-07,7.8,1917,"Jerry has a hard time getting membership in the Friar's Club when the Flying Sandos Brothers take his jacket during a show. Meanwhile, Elaine suspects that a new co-worker (Rob Schneider) is faking a hearing disorder to get out of doing work."
7,18,The Wig Master,1996-04-04,7.9,1998,"Susan's friends are in town for the Broadway production of Joseph And The Amazing Technicolor Dreamcoat. Kramer gets to wear the coat and is mistaken for a pimp in public when he accuses a local parking lot of running a prostitution ring out of his car. Jerry buys a jacket and later returns it for spite. Elaine tries to buy a dress from the same guy Jerry gets the jacket from, but is stunned to learn that he's holding it until Elaine sleeps with him."
7,19,The Calzone,1996-04-25,8.9,2588,"George gets Steinbrenner hooked on eggplant calzones from a local Italian restaurant. But George gets banned from the restaurant when he's accused of stealing from the tip jar. He then asks Kramer to pick up the calzones, but Kramer gets kicked out when he tries to pay with pennies. George's last resort in getting the calzones is Newman who wants a cut of every delivery. Meanwhile, Kramer will only wear clothing if it's straight from the dryer."
7,20,The Bottle Deposit,1996-05-02,8.8,2500,A garage mechanic steals Jerry's car. Elaine tries to win J. Peterman JFK's presidential golf clubs at an auction. George is asked to work on a mysterious assignment. Kramer and Newman run a recycling scam.
7,21,The Wait Out,1996-05-09,8.2,1964,A comment from George ends up causing a married couple to get divorced and Jerry and Elaine to date the soon-to-be exes. Kramer tries wearing jeans.
7,22,The Invitations,1996-05-16,8.7,2582,"It's finally time for George and Susan's wedding. George doesn't think he can go through with the wedding. But when Susan puts George in charge of the wedding invitations, George gets the cheapest ones in the lot, knowing that the glue for the envelopes is cheap. Unfortunately for Susan, the glue is also toxic and licking the envelopes has fatal consequences. Meanwhile, Jerry courts a woman just like him named Jeannie Steinman and holds up his end of George's ""pact"" (see episode ""The Engagement"")."
8,1,The Foundation,1996-09-19,8.3,1975,George enjoys the single life. Elaine takes over the catalog when J. Peterman suddenly goes missing. Kramer is taking karate lessons.
8,2,The Soul Mate,1996-09-26,8.2,1947,George thinks the Board of Directors are talking behind his back. Kramer has a crush on Jerry's new girlfriend. Elaine doesn't see the big deal in having a baby.
8,3,The Bizarro Jerry,1996-10-03,9.2,3124,George uses Susan's death to pick up women. Elaine's new friend is Jerry's exact opposite. Jerry's new girlfriend has manly hands. Kramer pretends to work for an upscale firm.
8,4,The Little Kicks,1996-10-10,8.8,2807,"Jerry is forced to bootleg a movie for Kramer's friend. George tries the ""bad boy"" image. No one has the heart to tell Elaine that she's a terrible dancer."
8,5,The Package,1996-10-17,8.8,2114,"A mysterious package arrives for Jerry. Elaine is curious about what the doctors are writing in her records. George tries to hit on the cute girl at the ""One Hour Photo"" place."
8,6,The Fatigues,1996-10-31,7.9,1964,Jerry's new girlfriend's mentor is dating Bania. Kramer volunteers to host a Jewish singles mixer. George tries to study up on risk management. Elaine promotes a man she is afraid to fire.
8,7,The Checks,1996-11-07,8.3,1966,"Jerry gets hundreds of royalty checks, worth 12 cents each, for appearing on a Japanese TV program and gets writer's cramp. George and Jerry pitch their pilot to Japanese TV executives."
8,8,The Chicken Roaster,1996-11-14,9.0,2935,"Kenny Rogers' Roasters sets up shop across the street from Jerry and Kramer's apartments. Unfortunately, their unusually large chicken sign causes problems for everybody. Kramer and Jerry wind up switching apartments--and personalities--because of it. Jerry is freaked out by a wooden doll in Kramer's apartment, and Newman gets Kramer hooked on Kenny Roger's chicken. Elaine gets comfortable in her position as president of the catalog but is quickly accused of abusing the company credit card, especially when she buys George an expensive hat and George purposefully ..."
8,9,The Abstinence,1996-11-21,9.1,2725,"Abstinence allows George to become a genius, but it turns Elaine into an idiot. Jerry gets bumped from career day at his old Jr. High School. Kramer turns his apartment into a smoking lounge and all the smoke disfigures his face."
8,10,The Andrea Doria,1996-12-19,8.6,1985,"A survivor of a shipwreck beats George out of an apartment, so George decides to tell the landlords the tragedies of his life in hopes of getting it back based on pity."
8,11,The Little Jerry,1997-01-09,8.1,2092,Jerry bounces a check. Kramer buys a live chicken. George dates a female convict. Elaine dates a man who shaves his head.
8,12,The Money,1997-01-16,7.9,1856,Jerry's parents believe he is financially unstable. Kramer has trouble sleeping with his girlfriend. Elaine enjoys her position as President of the J. Peterman catalog. George hopes to get his parents' money when they die.
8,13,The Comeback,1997-01-30,8.4,2246,George tries to come up with a good comeback after someone insults him. Elaine falls in love with a mysterious employee at the video store. Kramer wants to die a certain way. Jerry takes advice from a tennis player who stinks.
8,14,The Van Buren Boys,1997-02-06,8.2,1943,Kramer gets mixed up with a gang when he is mugged by them and mistakenly shows their secret sign.
8,15,The Susie,1997-02-13,8.8,2170,"Kramer sets his watch an hour ahead. George tries to avoid a breakup with his girlfriend. A colleague keeps calling Elaine, Susie. Jerry gambles on a basketball game, but the bookie can't pay him."
8,16,The Pothole,1997-02-20,8.7,2145,Jerry accidentally knocks his girlfriend's toothbrush in the toilet. George drops his keys in a pothole that is paved over. A restaurant refuses to deliver food to Elaine's address. Kramer adopts a highway.
8,17,The English Patient,1997-03-13,8.7,2165,"Elaine is dragged to see the movie ""The English Patient (1996) "" on multiple occasions, even though she absolutely hates the film."
8,18,The Nap,1997-04-10,8.9,2416,George takes a nap under his desk. Kramer swims in the East River. Jerry has some maintenance done on his kitchen. Elaine's new boyfriend buys her a new mattress.
8,19,The Yada Yada,1997-04-24,8.7,2998,"George's new girlfriend keeps including ""Yada Yada"" in her stories. Jerry is offended by Tim Whatley's Jewish jokes. Elaine tries to help her friends adopt a baby. Kramer and Mickey fight over two women."
8,20,The Millennium,1997-05-01,8.1,1936,Kramer and Newman compete during the early planning of each of their millenium parties.
8,21,The Muffin Tops,1997-05-08,8.5,2145,Elaine opens a new bakery that sells only the tops of the muffins.
8,22,The Summer of George,1997-05-15,8.5,2172,"Unemployed again, George decides to have a ""memorable"" summer. Jerry's new girlfriend has another dude. Kramer wins a Tony Award. A new woman at work is hostile towards Elaine."
9,1,The Butter Shave,1997-09-25,8.4,2207,"Kramer discovers the amazing yet unknown uses of butter, but accidentally fries himself after using it as sunscreen."
9,2,The Voice,1997-10-02,8.1,2192,George's colleagues try to force him to leave. Jerry makes fun of his girlfriend's bellybutton. Kramer hires an intern. Elaine gets back together with David Puddy.
9,3,The Serenity Now,1997-10-09,8.8,2882,Jerry opens up his feelings. Elaine is getting hit on by the Jews. Kramer gets a screen door. George helps his father sell computers.
9,4,The Blood,1997-10-16,8.4,2012,Jerry's parents hire their friend Izzy Mandelbaum to become Jerry's personal trainer while George decides to associate food and television with his love life.
9,5,The Junk Mail,1997-10-30,7.9,1961,Kramer is annoyed with the catalogs he keeps getting in the mail. Elaine falls in love with a guy because of his smile. George's parents are avoiding him. Jerry can't find it in his heart to reject a gift from an old school friend.
9,6,The Merv Griffin Show,1997-11-06,9.2,3165,"George runs over a flock of pigeons. Jerry's girlfriend has a vintage toy collection she won't let him touch. A new co-worker is freaking Elaine out. Kramer rebuilds the set of ""The Merv Griffin Show"" in his apartment."
9,7,The Slicer,1997-11-13,8.5,2025,Elaine borrows Kramer's meat slicer to feed her neighbor's cat while George tries to hide his not-so-great past from his new boss.
9,8,The Betrayal,1997-11-20,8.7,3222,Elaine and the gang head to India to attend a wedding; Jerry betrays George by having sex with his prospective girlfriend; Kramer grapples with a malignant wish.
9,9,The Apology,1997-12-11,8.3,2020,George is angered when an old acquaintance withholds a 12-Step-mandated apology; Jerry's girlfriend is too comfortable with her nudity; Elaine works with a germaphobe.
9,10,The Strike,1997-12-18,8.8,2792,Jerry goes out with a woman who is beautiful one day and ugly the next. Kramer goes back to work at H&H Bagels. George makes up a charity. Elaine gives a fake number to a man.
9,11,The Dealership,1998-01-08,8.6,2152,Jerry looks to buy a new car from Elaine's boyfriend. George tries to find a snack. Kramer test drives a car.
9,12,The Reverse Peephole,1998-01-15,8.1,2013,Elaine is embarrassed by Puddy's fur coat. Kramer tries to keep Newman from getting evicted. George carries everything in his wallet. Jerry is through with wallets.
9,13,The Cartoon,1998-01-29,7.8,1988,Sally Weaver makes fun of Jerry. George's new girlfriend looks just like Jerry. Kramer takes a vow of silence. Elaine gets a job drawing cartoons for the New Yorker.
9,14,The Strongbox,1998-02-05,7.6,1952,George's new girlfriend refuses to break up with him. Jerry doesn't help out a neighbor. Elaine's new boyfriend is poor. Kramer tries to find a good place to hide his key for his strongbox.
9,15,The Wizard,1998-02-26,7.8,1891,Jerry goes down to Florida for his father's birthday. George tries to avoid Susan's parents. Elaine can't figure out her new boyfriend's nationality. Kramer decides to retire.
9,16,The Burning,1998-03-19,8.3,2309,Elaine finds out that Puddy is religious. Kramer pretends to have gonorrhea. Jerry's new girlfriend has a tractor story to tell him. George wants everyone at work to like him.
9,17,The Bookstore,1998-04-09,8.2,1953,George is forced to buy a book he took with him into the bathroom. Jerry finds out that his Uncle Leo is a shoplifter. Elaine doesn't want to be known as the office skank. Kramer and Newman start a Hong Kong rickshaw business.
9,18,The Frogger,1998-04-23,8.9,2631,George is obsessed with preserving his Frogger high score for posterity; Jerry stays one step ahead of a serial killer; Elaine eats Peterman's expensive cake:
9,19,The Maid,1998-04-30,8.1,1908,"Jerry gets into romance with his maid; George struggles to get the nickname ""T-Bone"" around the office; Elaine searches for a new telephone number."
9,20,The Puerto Rican Day,1998-05-07,8.0,2063,"Jerry, George, Kramer and Elaine get stuck in standstill traffic due to the massive Puerto Rican Day Parade."
9,21,The Chronicle,1998-05-14,7.3,1825,"Just as the four are about to go to the movies, Jerry looks back on the past nine years with the audience."
9,22,The Finale,1998-05-14,7.3,3245,"After George and Jerry land a production deal with NBC, the four head out for Paris on NBC's private plane and are waylaid in a small Massachusetts town."
